MJD,EDR,EDR60,EDR180,rho_eff,rho_eff_60,rho_eff_180,jb08_rho
60070.00013888889,-0.0,-0.0,-0.0,0.0,0.0,0.0,6.190382076161615e-13
60070.00048611111,6.237345315515995,3.1186726577579975,3.1186726577579975,-9.369138901356185e-13,-4.684569450678092e-13,-4.684569450678092e-13,6.241194529771091e-13
60070.00083333333,12.71899228170514,6.318779199073712,6.318779199073712,-1.9102913793917122e-12,-9.490303292056052e-13,-9.490303292056052e-13,6.298678574404627e-13
60070.001180555555,17.988791901618242,9.236282374709845,9.236282374709845,-2.7014341834994348e-12,-1.3870419465606216e-12,-1.3870419465606216e-12,6.3672974347428e-13
60070.00152777778,20.40621694549918,11.470269288867712,11.470269288867712,-3.0640713123781107e-12,-1.7223046862207847e-12,-1.7223046862207847e-12,6.462032046554686e-13
60070.001875,108.7147156894207,27.67767702229321,27.67767702229321,-1.6321769036934007e-11,-4.155358812024065e-12,-4.155358812024065e-12,6.603350459464098e-13
60070.002222222225,146.29840853065252,44.623495809201685,44.623495809201685,-2.1961380183472944e-11,-6.698593418917206e-12,-6.698593418917206e-12,6.306498212339804e-13
60070.00256944444,89.08373130112886,50.18102524569258,50.18102524569258,-1.3370826640065561e-11,-7.531810571706557e-12,-7.531810571706557e-12,6.184247728827114e-13
60070.002916666665,78.29774124920368,53.30510480163826,53.30510480163826,-1.1750265375031186e-11,-7.999581051381465e-12,-7.999581051381465e-12,6.135842401584131e-13
60070.00326388889,81.580416880548,56.132636009529236,56.132636009529236,-1.2241138435728639e-11,-8.422699888395056e-12,-8.422699888395056e-12,6.10675372278393e-13
60070.00361111111,91.21408633887768,59.32185876674273,59.32185876674273,-1.3684665338153972e-11,-8.899938781868833e-12,-8.899938781868833e-12,6.086369890754898e-13
60070.003958333335,104.0317259542644,63.04768103236953,63.04768103236953,-1.5605348299308756e-11,-9.457509360234911e-12,-9.457509360234911e-12,6.071418783494219e-13
60070.00430555556,116.5575622394681,67.16382574060789,67.16382574060789,-1.7481659225237014e-11,-1.007343574540657e-11,-1.007343574540657e-11,6.06056021626631e-13
60070.00465277778,126.9760097526014,71.43612459860742,71.43612459860742,-1.9041348045686994e-11,-1.0712575660295376e-11,-1.0712575660295376e-11,6.053123345579862e-13
60070.005,135.19880617037416,75.6869700367252,75.6869700367252,-2.0271324794225614e-11,-1.1348289202878194e-11,-1.1348289202878194e-11,6.048711579169471e-13
60070.00534722222,140.7101306281984,79.75091757369228,79.75091757369228,-2.109441316857009e-11,-1.1955776022390447e-11,-1.1955776022390447e-11,6.047053458344744e-13
60070.00569444445,143.47369388863444,83.49931618045358,83.49931618045358,-2.150536813839919e-11,-1.2515768466650562e-11,-1.2515768466650562e-11,6.047937266031439e-13
60070.00604166667,144.33007235080004,86.87880263436172,86.87880263436172,-2.1630364448668222e-11,-1.3020295308088259e-11,-1.3020295308088259e-11,6.051179257266368e-13
60070.00638888889,143.06588760390878,89.83601763275892,89.83601763275892,-2.143756719804984e-11,-1.3461389692974177e-11,-1.3461389692974177e-11,6.056608285634915e-13
60070.006736111114,138.85157776251435,92.2867956392467,92.2867956392467,-2.0802849872103756e-11,-1.3826478501701718e-11,-1.3826478501701718e-11,6.064055576054025e-13
60070.00708333333,131.78143856301904,94.1674929213311,94.1674929213311,-1.9740550916840673e-11,-1.4106069936668807e-11,-1.4106069936668807e-11,6.073349507124038e-13
60070.00743055555,122.67726042494178,95.4633914442225,95.4633914442225,-1.8373954694770136e-11,-1.4298004563595825e-11,-1.4298004563595825e-11,6.08431229805529e-13
60070.00777777778,112.340154517442,96.19716375175378,96.19716375175378,-1.6823171372845727e-11,-1.4405724990579322e-11,-1.4405724990579322e-11,6.096758074395082e-13
60070.008125,101.42748821154235,96.4150939375783,96.4150939375783,-1.5186710081303946e-11,-1.4436205656969625e-11,-1.4436205656969625e-11,6.110492529593759e-13
60070.008472222224,90.55744946748018,96.18078815877438,96.18078815877438,-1.3557152480053277e-11,-1.439900989248223e-11,-1.439900989248223e-11,6.125311774430071e-13
60070.00881944445,79.84886518493295,95.5526372751651,95.5526372751651,-1.1952275576724294e-11,-1.4302914013248293e-11,-1.4302914013248293e-11,6.141002406364098e-13
60070.00916666666,68.76423859223723,94.56047436098258,94.56047436098258,-1.0291615240629707e-11,-1.4152414671025308e-11,-1.4152414671025308e-11,6.15734126150599e-13
60070.00951388889,56.1423953063786,93.18840010903243,93.18840010903243,-8.401417974296531e-12,-1.3945160255444448e-11,-1.3945160255444448e-11,6.174096038064733e-13
60070.00986111111,40.76154178380966,91.38057740816268,91.38057740816268,-6.09894841409555e-12,-1.3672825003003618e-11,-1.3672825003003618e-11,6.191024983291768e-13
60070.01020833333,21.698630657047033,89.05784584979216,89.05784584979216,-3.246246923520578e-12,-1.3323594593346648e-11,-1.3323594593346648e-11,6.207877347486415e-13
60070.01055555556,-0.7795943468809128,86.159863907964,86.159863907964,1.1661787690610125e-13,-1.2888472631523884e-11,-1.2888472631523884e-11,6.224394352984993e-13
60070.01090277778,-24.6204077526927,82.69798041856848,82.69798041856848,3.682488862653496e-12,-1.2369185551852156e-11,-1.2369185551852156e-11,6.240310245751397e-13
60070.01125,-48.22422571107745,78.73064083888224,78.73064083888224,7.212135731500643e-12,-1.1774498389252829e-11,-1.1774498389252829e-11,6.255354143464143e-13
60070.01159722222,-71.67174802348018,74.30704116645981,74.30704116645981,1.0717707691300342e-11,-1.1111786283859447e-11,-1.1111786283859447e-11,6.26925252886602e-13
60070.01194444444,-95.40850001946092,69.45802570400494,69.45802570400494,1.4265903628066731e-11,-1.0385673191455705e-11,-1.0385673191455705e-11,6.281730036205977e-13
60070.012291666666,-119.499399330467,64.20920834193628,64.20920834193628,1.7866500193240827e-11,-9.599996649996232e-12,-9.599996649996232e-12,6.292511225883562e-13
60070.01263888889,-143.51832304894924,58.5949507367772,58.5949507367772,2.1455867148473028e-11,-8.759895265434665e-12,-8.759895265434665e-12,6.301322222007113e-13
60070.01298611111,-166.80733589082956,52.66331161499808,52.66331161499808,2.4935746994690968e-11,-7.872549533394694e-12,-7.872549533394694e-12,6.307893025941775e-13
60070.013333333336,-188.92008152604103,46.468865637022716,46.468865637022716,2.8239537754712413e-11,-6.946107978438901e-12,-6.946107978438901e-12,6.311959408091481e-13
60070.01368055555,-209.63544873148203,40.066257777810094,40.066257777810094,3.133431843219987e-11,-5.9887241742430025e-12,-5.9887241742430025e-12,6.313265495805094e-13
60070.014027777775,-228.6427422724664,33.51237972780335,33.51237972780335,3.417377597246248e-11,-5.008882178981621e-12,-5.008882178981621e-12,6.31156627186311e-13
60070.014375,-245.72554798051715,26.86385763951001,26.86385763951001,3.6725691260743097e-11,-4.015023060684856e-12,-4.015023060684856e-12,6.306629441132961e-13
60070.01472222222,-261.08749194815755,20.16731462584332,20.16731462584332,3.9020611674775146e-11,-3.014089057526751e-12,-3.014089057526751e-12,6.298238051675393e-13
60070.015069444446,-274.714463185519,13.465456039221449,13.465456039221449,4.1056526985653486e-11,-2.0124344850204747e-12,-2.0124344850204747e-12,6.286191697122486e-13
60070.01541666667,-285.5523720420897,6.820615415192313,6.820615415192313,4.2675985553954394e-11,-1.0193453580729557e-12,-1.0193453580729557e-12,6.270308832587617e-13
60070.01576388889,-292.0554585084319,0.3233094603309165,0.3233094603309165,4.3648035222881996e-11,-4.83189829236059e-14,-4.83189829236059e-14,6.250428484036802e-13
60070.01611111111,-293.5932095386088,-5.930233497093332,-5.930233497093332,4.3878472201223166e-11,8.862929291106561e-13,8.862929291106561e-13,6.22641249127004e-13
60070.01645833333,-289.60113402456045,-11.840043924748898,-11.840043924748898,4.328290665628392e-11,1.769577034728553e-12,1.769577034728553e-12,6.198147048981144e-13
60070.016805555555,-279.91348711401224,-17.31093052044815,-17.31093052044815,4.1836492921344745e-11,2.5873302128011872e-12,2.5873302128011872e-12,6.16554445198977e-13
60070.01715277778,-267.0594868808985,-22.305901647657155,-22.305901647657155,3.991714036210086e-11,3.334042978109357e-12,3.334042978109357e-12,6.128543535402167e-13
60070.0175,-253.72765362635255,-26.843583059004125,-26.843583059004125,3.792660248922365e-11,4.012514558482354e-12,4.012514558482354e-12,6.087109106172631e-13
60070.017847222225,-240.5625056475401,-30.953562339552892,-30.953562339552892,3.5961152390398234e-11,4.627178991680642e-12,4.627178991680642e-12,6.041230958989287e-13
60070.01819444444,-227.9843012876809,-34.671123451781725,-34.671123451781725,3.4083558632424394e-11,5.1833185984577296e-12,5.1833185984577296e-12,5.990923906550684e-13
60070.018541666665,-215.8876145519316,-38.02698439808079,-38.02698439808079,3.227801301476669e-11,5.68552994511097e-12,5.68552994511097e-12,5.936227078547791e-13
60070.01888888889,-203.5261789336801,-41.03606066236442,-41.03606066236442,3.0432886013304797e-11,6.136044822910666e-12,6.136044822910666e-12,5.877201519829592e-13
60070.01923611111,-190.0747438184917,-43.697465718723834,-43.697465718723834,2.842468779048495e-11,6.534728367048341e-12,6.534728367048341e-12,5.813929732101835e-13
60070.019583333335,-174.91603691503406,-45.99954591515033,-45.99954591515033,2.6160972697703378e-11,6.879831523838789e-12,6.879831523838789e-12,5.746511421364959e-13
60070.01993055556,-158.7318148650229,-47.94320572463089,-47.94320572463089,2.374355034850896e-11,7.171479264945608e-12,7.171479264945608e-12,5.675061262226351e-13
60070.02027777778,-142.14802693203092,-49.53989760950208,-49.53989760950208,2.1265925853146682e-11,7.411371174641024e-12,7.411371174641024e-12,5.599701807546095e-13
60070.020625,-125.54739076271652,-50.806689162055655,-50.806689162055655,1.8785259884507338e-11,7.602044566457278e-12,7.602044566457278e-12,5.520554837157114e-13
60070.02097222222,-109.87088815495372,-52.63787063130488,-51.77495471931628,1.6442291769565335e-11,7.8773116480858e-12,7.748175391559804e-12,5.437723044444652e-13
60070.02131944445,-95.9324089549482,-54.34069986914595,-52.48717172311679,1.4358838420889425e-11,8.133532114945055e-12,7.856102292767837e-12,5.351231917190918e-13
60070.02166666667,-84.07977396249771,-55.95401263988266,-52.98864159993236,1.2587041651308149e-11,8.376514998365293e-12,7.932588391140044e-12,5.261252421020699e-13
60070.02201388889,-73.92832313477993,-57.48596455715597,-53.31582412391435,1.106942031133186e-11,8.60747649483907e-12,7.983073894381408e-12,5.168588767182275e-13
60070.022361111114,-64.46804462000728,-58.90053558324774,-53.48739674693117,9.654815247430061e-12,8.821018108783349e-12,8.010339645036279e-12,5.073948947468641e-13
60070.02270833333,-54.99948340654373,-61.629105568180485,-53.51030715086469,8.238475948442884e-12,9.231539507280056e-12,8.015409439350104e-12,4.977955190480658e-13
60070.02305555555,-45.721693724393845,-64.82944060576459,-53.39405918927557,6.850188061189346e-12,9.712979198193078e-12,7.999689359750679e-12,4.881176498024999e-13
60070.02340277778,-37.192638017237186,-66.93404676107069,-53.155802995569125,5.573551653390137e-12,1.0030489550656796e-11,7.965732722049129e-12,4.78413936246145e-13
60070.02375,-29.50869107618928,-68.73082063316058,-52.813091228621595,4.4230574779254035e-12,1.0302062174853631e-11,7.916153837118197e-12,4.687331865779636e-13
60070.024097222224,-22.86065613105893,-70.47150518335403,-52.38519929865641,3.427373421928566e-12,1.0565408205435471e-11,7.853827062063825e-12,4.591205844722291e-13
60070.02444444445,-17.92356462031603,-72.29046603267392,-51.89982416234176,2.6878157759371396e-12,1.0840670322477568e-11,7.782891913910263e-12,4.49617820750501e-13
60070.02479166666,-15.007275871932508,-74.27444939644387,-51.3874276583083,2.251030700299183e-12,1.1140867087804354e-11,7.707906368576652e-12,4.402631758953749e-13
60070.02513888889,-13.581002809107304,-76.44342548058678,-50.86953142749732,2.0375938001522333e-12,1.146900946940318e-11,7.632090450920896e-12,4.3109156423262797e-13
60070.02548611111,-12.576593615114689,-78.76930220338205,-50.35205929489756,1.8873678686904673e-12,1.1820899566887755e-11,7.556327392289698e-12,4.2213464837460403e-13
60070.02583333333,-10.600614059716465,-81.19929254055023,-49.82204002509514,1.5912322185712017e-12,1.2188626968951993e-11,7.478664427954452e-12,4.1342095029681205e-13
60070.02618055556,-5.865204248577356,-83.64221478849649,-49.24366060698307,8.806344329623118e-13,1.2558507985437298e-11,7.393717473033901e-12,4.0497600269116096e-13
60070.02652777778,3.3872151151299477,-85.97698943472157,-48.56014274046212,-5.087049516046993e-13,1.2912353884506638e-11,7.292948402468489e-12,3.96822485285777e-13
60070.026875,17.895143635571003,-88.08423824664206,-47.70815188948734,-2.6882486870326482e-12,1.323221219326362e-11,7.166825776281411e-12,3.889804064503849e-13
60070.02722222222,36.900382559746504,-89.85366333071143,-46.63715778253501,-5.544678235132636e-12,1.35014765933677e-11,7.007733138987948e-12,3.81467283437106e-13
60070.02756944444,58.88253506273031,-91.18648070904116,-45.318161621969196,-8.849996737621005e-12,1.3705253279778465e-11,6.811282531944913e-12,3.7429825651833775e-13
60070.027916666666,83.58003089949489,-91.98983750343322,-43.72682591182766,-1.2565216434850474e-11,1.3829526091313626e-11,6.573783542289442e-12,3.6748626273781185e-13
60070.02826388889,111.44271424785256,-92.17707993971804,-41.834514446465704,-1.6758278572513713e-11,1.3861194911271881e-11,6.290895297834428e-12,3.6104216505256863e-13
60070.02861111111,140.29226193204522,-91.711211482808,-39.64021593588124,-2.1101869300200847e-11,1.3794616833611988e-11,5.962429033440776e-12,3.549750210294797e-13
60070.028958333336,166.71448160335422,-90.6230949262778,-37.18361239374748,-2.5082397107503475e-11,1.3634355169336114e-11,5.594319839415184e-12,3.4929220701760824e-13
60070.02930555555,188.9969793222845,-88.98243609536439,-34.52266425591181,-2.844185405475676e-11,1.3390824921838665e-11,5.1952606960646695e-12,3.439995310530538e-13
60070.029652777775,206.1568553969264,-86.8773029251645,-31.724065190181136,-3.103178282750501e-11,1.3077215365079074e-11,4.775268324169393e-12,3.391014093073466e-13
60070.03,216.9385249055922,-84.40773148660858,-28.86587449942512,-3.2662537400648256e-11,1.2708534308440667e-11,4.346082402146857e-12,3.3460100004867626e-13
60070.03034722222,221.2816512994468,-81.65541055339078,-26.023288978983395,-3.3324303945356976e-11,1.2297041820163363e-11,3.919023500145351e-12,3.3050029366491154e-13
60070.030694444446,220.95720195025208,-78.65214955061674,-23.248227283149287,-3.328313325445551e-11,1.1847497846356366e-11,3.501917293327868e-12,3.2680019119336667e-13
60070.03104166667,217.84721949324012,-75.38300640334685,-20.56938898563385,-3.282207888837612e-11,1.1357624801313513e-11,3.099099036208349e-12,3.2350057638561665e-13
60070.03138888889,212.66199284046888,-71.82564661689102,-18.006406767764588,-3.204788713705923e-11,1.082403200298792e-11,2.7135421996642033e-12,3.206002568814489e-13
60070.03173611111,205.19597226381305,-67.99537361661594,-15.580293952203963,-3.092936984859681e-11,1.0249002626026281e-11,2.348431446685638e-12,3.1809679250176466e-13
60070.03208333333,196.0122434869409,-63.92476579664896,-13.305105377589502,-2.9551205982805334e-11,9.63742819251604e-12,2.005904848807435e-12,3.1598604458201545e-13
60070.032430555555,186.85133639723065,-59.61604772297044,-11.175781528921203,-2.8175710337112265e-11,8.989630604059046e-12,1.6852198609931933e-12,3.1426138040525483e-13
60070.03277777778,179.19632083922625,-55.03930070865899,-9.17186466188807,-2.7026579594532183e-11,8.30108583961699e-12,1.3833103779914931e-12,3.1291224431946767e-13
60070.033125,173.62684725224972,-50.153863265613715,-7.267711412782469,-2.619139971639306e-11,7.565649557654977e-12,1.0963254683708539e-12,3.119215192738182e-13
60070.033472222225,169.64329369738698,-44.934502986508114,-5.443886617832269,-2.5594975597573952e-11,6.7795047028523e-12,8.213477945548903e-13,3.112620763678699e-13
60070.03381944444,165.62100574746728,-39.39403062586983,-3.6983264916557426,-2.499228182449565e-11,5.944576360716898e-12,5.580790766322951e-13,3.1090590023056755e-13
60070.034166666665,160.09881542995572,-33.57704900993655,-2.0438099065889603,-2.416279934837864e-11,5.067592135263039e-12,3.084605501078391e-13,3.110729481915151e-13
60070.03451388889,172.38081002235413,-27.21011136403928,-0.29956370729952964,-2.6020329772319274e-11,4.1072789409796815e-12,4.521817974252166e-14,3.2025698606232563e-13
60070.03486111111,250.33692075312135,-19.227116980279487,2.1819856437937464,-3.779284209828832e-11,2.902677694744156e-12,-3.294098155739212e-13,3.175645036439793e-13
60070.035208333335,167.98377558216453,-12.331961587568124,3.8074933882875777,-2.5363472134516584e-11,1.8619736519567915e-12,-5.748844025056039e-13,3.2072337420790196e-13
60070.03555555556,133.6223543845117,-5.753464148690302,5.0678318445615975,-2.017776789045555e-11,8.68807204401322e-13,-7.652726606894444e-13,3.203070960974119e-13
60070.03590277778,112.45918883010744,0.699430051570138,6.100441046345693,-1.6983901845663975e-11,-1.0562988642680546e-13,-9.213057023105321e-13,3.1930804284357005e-13
60070.03625,94.587057556957,7.03508721155425,6.943170727399133,-1.4286262977498254e-11,-1.0625672113056087e-12,-1.048684307042345e-12,3.1836583617389443e-13
60070.03659722222,77.47833851724863,13.193983828648925,7.608596838624129,-1.1703276143979561e-11,-1.9929807368223685e-12,-1.1492955524698595e-12,3.1767238562231673e-13
60070.03694444445,60.62314688414335,19.097589769028126,8.104059923161692,-9.158022088422749e-12,-2.8849731155434606e-12,-1.2242379948380518e-12,3.1730107018469396e-13
60070.03729166667,44.37198390439153,24.663808401177327,8.439874034099004,-6.703536258373785e-12,-3.7261064153255695e-12,-1.2750613478449998e-12,3.1728368032673264e-13
60070.03763888889,30.147195532917976,29.831486445292832,8.63902377262028,-4.5548044306338166e-12,-4.507105361924881e-12,-1.3052313178821608e-12,3.1763452125817985e-13
60070.037986111114,18.53483660146594,34.59139183666557,8.728985707427968,-2.800497078095032e-12,-5.226541449961338e-12,-1.3188947652471831e-12,3.1835955028893747e-13
60070.03833333333,7.631309244781733,38.947374551184474,8.71909673028701,-1.1530943952828862e-12,-5.8849665064567345e-12,-1.317459592991615e-12,3.19460342363478e-13
60070.03868055555,-5.085817486047745,42.87198602054268,8.595838567641165,7.684966822096596e-13,-6.4782071135882386e-12,-1.2988813377916906e-12,3.209359360347724e-13
60070.03902777778,-20.492168731987476,46.330188229804236,8.338422573839141,3.096568325586673e-12,-7.000947301733742e-12,-1.2600176957943157e-12,3.2278374369012766e-13
60070.039375,-37.5931552387774,49.30176255169014,7.935513996535487,5.6807961771536415e-12,-7.450113257364518e-12,-1.1991554656409335e-12,3.2499999974613454e-13
60070.039722222224,-54.560880325734615,51.78451752848923,7.392067089385312,8.24490606176824e-12,-7.825359120442964e-12,-1.1170439038081973e-12,3.2758004920093114e-13
60070.04006944445,-70.49009278416634,53.777595045727985,6.720669159440901,1.065203640637158e-11,-8.12654484692174e-12,-1.0155868680828808e-12,3.3051846847980225e-13
60070.04041666666,-86.2139462903142,55.25596322280665,5.926356206878892,1.3028029405435382e-11,-8.349882410767877e-12,-8.955481827767441e-13,3.3380911975191344e-13
60070.04076388889,-102.86746417358518,56.187035734330614,5.004374678230892,1.5544345273022147e-11,-8.490446326627172e-12,-7.562131379337076e-13,3.374450977695952e-13
60070.04111111111,-120.84900732338428,56.54201939447473,3.946783232839168,1.8261119939831177e-11,-8.543889773457584e-12,-5.963862143983422e-13,3.414186408056708e-13
60070.04145833333,-140.2370525225997,56.297191698476674,2.745251268210511,2.1190142656670094e-11,-8.50663574142345e-12,-4.1481380958438605e-13,3.4572106609179207e-13
60070.04180555556,-161.16120535507798,55.4423530784746,1.390652453142011,2.4350921725979398e-11,-8.37715501781899e-12,-2.1012295707203422e-13,3.5034266917200355e-13
60070.04215277778,-183.68713941425085,53.979774237486225,-0.12637862773825842,2.775329793584032e-11,-8.155806452752269e-12,1.9094552397773505e-14,3.552726180695751e-13
60070.0425,-207.5230250172317,51.92238671990732,-1.8125302244008068,3.1353092672567833e-11,-7.844562802007076e-12,2.738415561008226e-13,3.6049882329117547e-13
60070.04284722222,-231.96788324415684,49.28839405141771,-3.6686217810117423,3.50443213041874e-11,-7.44619597139334e-12,5.54233450938533e-13,3.6600786125711165e-13
60070.04319444444,-255.97280889749527,46.09664798012624,-5.687055277943611,3.8668460459854315e-11,-6.963577176141136e-12,8.59113407769149e-13,3.717848599221757e-13
60070.043541666666,-278.3859353289008,42.373540448086956,-7.851332103744859,4.20514824226565e-11,-6.400719164325781e-12,1.185980008526637e-12,3.7781339998024155e-13
60070.04388888889,-298.08995218575,38.167402807064356,-10.136675568957498,4.502463276101708e-11,-5.764948741912125e-12,1.5310817810641493e-12,3.840754338882826e-13
60070.04423611111,-313.67543241381645,33.55935623378803,-12.508072106807958,4.7375101309665336e-11,-5.0685445437289135e-12,1.8891220733757573e-12,3.905511799963855e-13
60070.044583333336,-323.41714004054666,28.660882084382077,-14.918219920247793,4.8842467427166097e-11,-4.32836738171879e-12,2.2529500769027073e-12,3.972190721520834e-13
60070.04493055555,-326.87371549755335,23.59399776160717,-17.31787757853476,4.9360294728149154e-11,-3.5628642748331915e-12,2.6151247433318937e-12,4.0405571583865473e-13
60070.045277777775,-324.8778945207596,18.478092263266443,-19.665663967406704,4.9054573087662467e-11,-2.7900788041799293e-12,2.969394860889555e-12,4.110358155517727e-13
60070.045625,-317.5069825798273,13.43643048480153,-21.922037593258377,4.793721896591022e-11,-2.028632898201607e-12,3.3097902532670467e-12,4.1813207966186906e-13
60070.04597222222,-305.1101762615144,8.577610927261414,-24.05127171858361,4.6061199973235823e-11,-1.2949258430323837e-12,3.630919328271677e-12,4.2531518678200495e-13
60070.046319444446,-289.3902053013444,3.964050732490919,-26.031413013977346,4.368379404788429e-11,-5.983781504048495e-13,3.9294726084245895e-12,4.325536932831941e-13
60070.04666666667,-271.8165982365608,-0.3895490037898208,-27.852044015626113,4.102698680096678e-11,5.879707839955252e-14,4.203883977734737e-12,4.3981389299096616e-13
60070.04701388889,-252.72886296361685,-4.503943315707145,-29.505550037302516,3.81421304234948e-11,6.797403009424398e-13,4.45301151812549e-12,4.4705961774090715e-13
60070.04736111111,-231.19137946516275,-8.413586558712023,-30.977709376192006,3.488812855761311e-11,1.2696593193483762e-12,4.674717152677476e-12,4.542518634518527e-13
60070.04770833333,-205.45758245512843,-12.136131993557013,-32.24205628256111,3.1001571747278505e-11,1.831225512520911e-12,4.865015976433534e-12,4.613480647149503e-13
60070.048055555555,-174.30075531452894,-15.656150958128272,-33.26406131156807,2.6297593568563727e-11,2.3621188215850367e-12,5.018708973652311e-12,4.682999156770059e-13
60070.04840277778,-137.63375294208527,-18.9314224248752,-34.00955910892891,2.0763315232043696e-11,2.855978880152081e-12,5.1306542296979616e-12,4.750510566062511e-13
60070.04875,-96.39901446178555,-21.93107318089654,-34.45203751568676,1.4541167531028646e-11,3.308160472792856e-12,5.1968669192098485e-12,4.815887968764285e-13
60070.049097222225,-51.3222468867898,-24.64382253314058,-34.57084180703256,7.740826722358622e-12,3.716976001194915e-12,5.214247471756571e-12,4.879151542829463e-13
60070.04944444444,-2.9521147944033146,-27.031228811914723,-34.34973182792326,4.4521532793005217e-13,4.076642758833286e-12,5.1803632938228105e-12,4.940256588719599e-13
60070.049791666665,43.94639416411519,-29.077363602568706,-33.806008730756325,-6.626979011972233e-12,4.384775633652669e-12,5.097840553212152e-12,4.999141245004188e-13
60070.05013888889,83.07526071369648,-30.842725579378506,-32.99993101044976,-1.2526221056830136e-11,4.650515632251862e-12,4.975782527142726e-12,5.055739102830529e-13
60070.05048611111,112.38571762666106,-32.4055778755496,-32.00413889649694,-1.694400926507107e-11,4.885677854434389e-12,4.825154276135724e-12,5.109984813997485e-13
60070.050833333335,132.12110229209063,-33.81920158577462,-30.887640657118794,-1.991749545890661e-11,5.0983058899958765e-12,4.6563677705656845e-12,5.161818403712343e-13
60070.05118055556,142.21252093091607,-35.137020425250135,-29.71804497071315,-2.1436738210710942e-11,5.2964612639585425e-12,4.479619276848221e-12,5.211188372805243e-13
60070.05152777778,142.72029015421867,-36.440968955184026,-28.560740708129718,-2.1511258910522595e-11,5.492499470805683e-12,4.304766248618227e-12,5.258054150792189e-13
60070.051875,135.1879660487175,-37.8186231792594,-27.46908266308407,-2.0374094964467848e-11,5.699621368679995e-12,4.139848502216604e-12,5.302386803867053e-13
60070.05222222222,122.3286206908524,-39.324179381753005,-26.4770448925282,-1.8434419530029215e-11,5.925991941242974e-12,3.989981663389922e-12,5.344171143335528e-13
60070.05256944445,106.44737626239656,-40.96998931510995,-25.602542121772114,-1.603977787126389e-11,6.1734685351240755e-12,3.8578601276241206e-12,5.383407050430422e-13
60070.05291666667,88.37554752454162,-42.7639342478166,-24.857587287482485,-1.331552883258847e-11,6.443234756917258e-12,3.7452884820107305e-12,5.420110110907754e-13
60070.05326388889,68.17838655784726,-44.74181674513966,-24.253457587188134,-1.0271568847699192e-11,6.740679477343054e-12,3.6539594434400954e-12,5.454312162057378e-13
60070.053611111114,46.364889927208424,-46.95567392700662,-23.797855345159768,-6.98463823344484e-12,7.0736368813263795e-12,3.585027605559991e-12,5.486061174907195e-13
60070.05395833333,24.013159345835447,-49.44923539211353,-23.491374481755955,-3.617174295327185e-12,7.448686805759976e-12,3.538576274514632e-12,5.515421232638383e-13
60070.05430555555,2.4851460866630077,-52.23520451895892,-23.325918936734176,-3.743158887375417e-13,7.867733453511349e-12,3.513379806636489e-12,5.542472477335334e-13
60070.05465277778,-17.121613044291735,-55.28091483215491,-23.28665117792125,2.5786829811779092e-12,8.325848381975288e-12,3.507198236859585e-12,5.567310022961757e-13
60070.055,-34.47412273660302,-58.52379713493089,-23.35701263426516,5.1917540357416025e-12,8.813600922746495e-12,3.517533006809813e-12,5.590044251454292e-13
60070.055347222224,-49.59406979009509,-62.223378465138374,-23.5209942414891,7.468250326028465e-12,9.370067197059755e-12,3.5419693051203773e-12,5.610799375341815e-13
60070.05569444445,-62.87348027899861,-67.44355181567371,-23.765419620604064,9.467284353955337e-12,1.0155430875567134e-11,3.578519661086455e-12,5.629712622281642e-13
60070.05604166666,-75.0065760165453,-71.49339100898554,-24.08172305514691,1.1293448867679951e-11,1.0764482244315834e-11,3.6258915206173335e-12,5.646932974570704e-13
60070.05638888889,-86.02928748354316,-75.15425170678645,-24.461769462683083,1.295219398903212e-11,1.131489607411957e-11,3.682857229943483e-12,5.662620343945094e-13
60070.05673611111,-94.99402025341988,-78.6118051915119,-24.8918441626266,1.4300902212814182e-11,1.1834636915223483e-11,3.747349868093587e-12,5.676943941675918e-13
60070.05708333333,-101.07139668613672,-81.8727794288968,-25.353538420344844,1.5214787313945777e-11,1.2324722588731386e-11,3.816596063467777e-12,5.690081445078286e-13
60070.05743055556,-104.10116677358748,-84.8991045170774,-25.82792172367763,1.56698151142272e-11,1.2779427093641289e-11,3.8877446885393206e-12,5.702217272222254e-13
60070.05777777778,-104.61986359581353,-87.65315469174335,-26.299729758840122,1.5746832425517285e-11,1.3193092507091163e-11,3.958497202298185e-12,5.713542550255171e-13
60070.058125,-103.62060330808164,-90.11969781195124,-26.759973053776083,1.559538148184746e-11,1.3563432575542423e-11,4.027500081009929e-12,5.724252636964484e-13
60070.05847222222,-102.13992956653236,-92.32448323027542,-27.206008299413693,1.5371500008725984e-11,1.389432909149774e-11,4.094355249573867e-12,5.73454630106628e-13
60070.05881944444,-100.4301145710051,-94.30723241648326,-27.63673833630541,1.511316161790412e-11,1.4191763609309341e-11,4.158896909084052e-12,5.744624260371579e-13
60070.059166666666,-97.61255215108396,-96.06129677308103,-28.04595362177195,1.4688163321017492e-11,1.4454739526202177e-11,4.220190315817841e-12,5.754687541095498e-13
60070.05951388889,-92.94304963201284,-97.52558397551378,-28.42326231950591,1.3984561637746529e-11,1.4674067030968597e-11,4.276671202706699e-12,5.764937484804652e-13
60070.05986111111,-86.37131198495626,-98.62356969639659,-28.75822214416169,1.2994845495376344e-11,1.483823761563766e-11,4.326768285633805e-12,5.775574533847089e-13
60070.060208333336,-78.12816386297345,-99.29915317346652,-29.041957441396242,1.1753801293465996e-11,1.493881920810764e-11,4.369146541548789e-12,5.786798075571212e-13
60070.06055555555,-68.4484729282558,-99.5306130501752,-29.26713752989258,1.0296816926894765e-11,1.4972554643745685e-11,4.402703876760311e-12,5.798804788506596e-13
60070.060902777775,-57.53199880570173,-99.3146448172008,-29.42773333259604,8.653991200488608e-12,1.4938957105076787e-11,4.426533939324432e-12,5.811788494168016e-13
60070.06125,-45.74167842790485,-98.64010701949398,-29.51990251392547,6.8799619281530174e-12,1.4836363776040437e-11,4.440060190154643e-12,5.825939474386645e-13
60070.06159722222,-33.44387282803655,-97.48304716373484,-29.541947290971038,5.0298675739978065e-12,1.466118533773157e-11,4.443028578527555e-12,5.84144428148109e-13
60070.061944444446,-20.1088205575943,-95.80404405097167,-29.489248258941,3.0240685967350927e-12,1.4407508397868415e-11,4.434745903956545e-12,5.858485114348345e-13
60070.06229166667,-4.237037546932697,-93.53737713471055,-29.348958199429845,6.371347542326e-13,1.4065467471589644e-11,4.413281936317383e-12,5.877240318577688e-13
60070.06263888889,15.36764995008707,-90.59522954629114,-29.263582366373804,-2.3106766067846328e-12,1.3621879615868843e-11,4.400066075445199e-12,5.897885019868476e-13
60070.06298611111,38.15604420378804,-86.89784315265715,-29.086256261438958,-5.736625381592106e-12,1.3064781295794097e-11,4.373015059781744e-12,5.920592451953724e-13
60070.06333333333,62.10374179854989,-82.40406370572745,-28.811896541900932,-9.33621841234985e-12,1.238801905555756e-11,4.331367985229763e-12,5.945535249647194e-13
60070.063680555555,85.35994067415595,-77.11526664042225,-28.4376123820535,-1.2831164935397593e-11,1.1591839186926728e-11,4.2746948036892055e-12,5.972886775615563e-13
60070.06402777778,106.7918401695788,-71.06918915597102,-27.957692253030835,-1.6051196987689573e-11,1.0681954286829681e-11,4.202141520943984e-12,6.002825011974958e-13
60070.064375,126.56824478507042,-64.31995282073815,-27.858505980277226,-1.9021732324957982e-11,9.666539405580226e-12,4.186808821043095e-12,6.035539011023826e-13
60070.064722222225,145.97770781815052,-56.918825154006484,-27.860287650902237,-2.1936448965912587e-11,8.55333956021549e-12,4.1866377227336616e-12,6.071241238091069e-13
60070.06506944444,165.22755178809166,-48.93710875064134,-27.437266425974666,-2.4826483913014168e-11,7.353109877857462e-12,4.122622687136113e-12,6.110190184650278e-13
60070.065416666665,183.12402237579224,-40.49475604370237,-26.85489819749362,-2.7512463250999453e-11,6.083912274623711e-12,4.034666725765112e-12,6.152734389515402e-13
60070.06576388889,198.6372836343944,-31.736239391503236,-26.20458227108336,-2.983972476027252e-11,4.767486903977177e-12,3.9365093406445e-12,6.199405049542577e-13
60070.06611111111,211.1603615060449,-22.802268457723162,-25.53821407571021,-3.171719804145177e-11,3.424999177448608e-12,3.835950022471921e-12,6.251139968720064e-13
60070.066458333335,219.483819719404,-13.852421752735973,-24.896813554792768,-3.2963384756643565e-11,2.080439043891698e-12,3.739151457589191e-12,6.309906009376912e-13
60070.06680555556,219.58916396647692,-5.107432748936117,-24.324415767420497,-3.297506049818697e-11,7.669681911640275e-13,3.6527261501673855e-12,6.380837536291738e-13
60070.06715277778,196.55143310502172,2.991594557836651,-23.93788563768483,-2.951174515639085e-11,-4.491810352506931e-13,3.5942184158215336e-12,6.481821372937561e-13
60070.0675,211.2269673831761,11.042320651498933,-23.515506964280373,-3.171105264710903e-11,-1.6577599719581636e-12,3.530332743995774e-12,6.600655449911747e-13
60070.06784722222,324.95766301453114,20.6704294178014,-22.49190956213408,-4.877860401707752e-11,-3.102787858825775e-12,3.3762058107557154e-12,6.28531740328816e-13
60070.06819444445,295.6683703176677,29.451425247515242,-21.646383581972785,-4.437593453739825e-11,-4.420271662513771e-12,3.248837539750991e-12,6.180683069412813e-13
60070.06854166667,279.95841117948294,37.5416918080921,-20.892892810702325,-4.201217011560847e-11,-5.6337222947666796e-12,3.1353077168582198e-12,6.135983413692476e-13
60070.06888888889,268.10573380440474,44.915133293407656,-20.198226998477345,-4.022773472899335e-11,-6.7392593280483444e-12,3.03062864848506e-12,6.108334091782319e-13
60070.069236111114,255.8924436867237,51.473903237221144,-19.547999965565072,-3.838962528004378e-11,-7.722243879140676e-12,2.9326399124589955e-12,6.088770871288552e-13
60070.06958333333,242.36733048409224,57.12000898631911,-18.933633899336886,-3.6355202035329796e-11,-8.56802549588581e-12,2.8400530892448e-12,6.07440243862459e-13
60070.06993055555,226.48705823346972,61.75016407165676,-18.35691280040062,-3.3968091731310454e-11,-9.261170390792505e-12,2.7531343414108094e-12,6.064008554538069e-13
60070.07027777778,205.81250112503767,65.22957433698078,-17.83762198591398,-3.086271720871437e-11,-9.781533655159213e-12,2.6748495840529734e-12,6.056964181685524e-13
60070.070625,178.36183408275247,67.46983166895807,-17.410208953296145,-2.6742285938988338e-11,-1.011593954516956e-11,2.6103610589167105e-12,6.052892235396477e-13
60070.070972222224,144.54809215664864,68.49437885967394,-17.11026093835632,-2.166919838685205e-11,-1.0267989440400314e-11,2.564998494219106e-12,6.051528365311481e-13
60070.07131944445,107.48994279652834,68.41278261250505,-16.95669939606968,-1.6111352537684638e-11,-1.0254191509251133e-11,2.541589982634602e-12,6.052661738403201e-13
60070.07166666666,71.249806240201,67.39826101164023,-16.942890686914325,-1.0677791607662302e-11,-1.0100583058078155e-11,2.5391319013047076e-12,6.056107065247061e-13
60070.07201388889,38.50625370442867,65.66982322453211,-17.040869251369603,-5.769824114301129e-12,-9.84004656831156e-12,2.55342467459764e-12,6.061690252010694e-13
60070.07236111111,9.70751005038619,63.4529435561349,-17.21339164988862,-1.4543631081920479e-12,-9.506415109048858e-12,2.578881881401e-12,6.069240530275689e-13
60070.07270833333,-15.979724396020174,60.9334820487226,-17.422715844627884,2.393692141392733e-12,-9.127566503215074e-12,2.6098458875417874e-12,6.078584730961879e-13
60070.07305555556,-39.36674416437745,58.23855930113544,-17.63708889916953,5.8960753781783694e-12,-8.722563748787878e-12,2.6415597176876924e-12,6.089544433201878e-13
60070.07340277778,-59.97683848813176,55.46482238862664,-17.833513514366416,8.981571204055487e-12,-8.305893811030361e-12,2.670580435470317e-12,6.101932823363437e-13
60070.07375,-76.50727562978864,52.71677533605446,-17.990641569470366,1.14553292200707e-11,-7.893210311358663e-12,2.69371403388896e-12,6.115554349654213e-13
60070.07409722222,-88.44184857606888,50.10643808382253,-18.083808794762525,1.3240360204967933e-11,-7.501282475423605e-12,2.707272023090785e-12,6.130204205012491e-13
60070.07444444444,-96.36202058568595,47.727656241940956,-18.089106131241554,1.4424018637517654e-11,-7.144148690267852e-12,2.7076809139867798e-12,6.145668762439613e-13
60070.074791666666,-101.29244734719396,45.6392294637238,-17.98795639800115,1.515993405388331e-11,-6.830595242393143e-12,2.692167480395863e-12,6.161724971198098e-13
60070.07513888889,-104.5170467160642,43.855859583678345,-17.77128264059623,1.5640439321627253e-11,-6.5628041766214584e-12,2.6593811874806087e-12,6.178140657078255e-13
60070.07548611111,-107.57475144416094,42.34830727701386,-17.44221272700363,1.6095914900278836e-11,-6.336382291856763e-12,2.609798005177261e-12,6.194675055507975e-13
60070.075833333336,-111.85770409554245,41.058580921031535,-17.0140884079453,1.6734658867034537e-11,-6.142637655883879e-12,2.545421146828971e-12,6.211079007856108e-13
60070.07618055555,-118.03640604391694,39.91787531680117,-16.50520483745883,1.765692012805608e-11,-5.97126564399309e-12,2.468993196927605e-12,6.227095784684309e-13
60070.076527777775,-126.39207457378508,38.85923207855473,-15.937145572466155,1.8904681462783837e-11,-5.812242633177224e-12,2.3837464610773796e-12,6.242462370315747e-13
60070.076875,-136.92831732705235,37.827203056712946,-15.33271651328024,2.047840324850636e-11,-5.6572718710058785e-12,2.29309435610768e-12,6.256910563603218e-13
60070.07722222222,-148.86472380533814,36.77994578468303,-14.709256690264576,2.2261315777842493e-11,-5.500094088613057e-12,2.199630642297138e-12,6.270168506076842e-13
60070.077569444446,-160.6439573727548,35.68578016602745,-14.075531657971442,2.4020537513040556e-11,-5.3359717674980564e-12,2.1046657573416764e-12,6.281962266183714e-13
60070.07791666667,-170.25421128049493,34.532733256121475,-13.434986320407026,2.5455328518710505e-11,-5.163114985950886e-12,2.0087138394885778e-12,6.292017658624165e-13
60070.07826388889,-175.86220628023148,33.336715931010744,-12.78946825247258,2.629173410493365e-11,-4.983902395681275e-12,1.9120498130319313e-12,6.300063006727716e-13
60070.07861111111,-176.4285925887525,32.139903781128424,-12.138553713862267,2.637454965957474e-11,-4.804637819138652e-12,1.81460886256645e-12,6.305831326983995e-13
60070.07895833333,-172.06754310056567,30.999121451253693,-11.485589319840074,2.572101022761527e-11,-4.633812429278319e-12,1.7168895135158354e-12,6.309062465761726e-13
60070.079305555555,-163.74002251774073,29.97245323540022,-10.84018118319412,2.4474885993913515e-11,-4.480104281253805e-12,1.6203258954804215e-12,6.309505988407316e-13
60070.07965277778,-152.4938830472529,29.10472376079609,-10.203705606340534,2.2792866570639114e-11,-4.350207837842094e-12,1.525121504967748e-12,6.306922372232417e-13
60070.08,-138.88229162618518,28.416894769544403,-9.565675817450716,2.0757649004400234e-11,-4.247250823084522e-12,1.4297066874657195e-12,6.301085278094998e-13
60070.080347222225,-122.45752834156156,27.924986791051925,-8.909537054639724,1.8302303008383756e-11,-4.17362310571382e-12,1.3316049167970638e-12,6.291783438662777e-13
60070.08069444444,-103.17220221087337,27.644971953953306,-8.216136504213015,1.5419710571182137e-11,-4.131708513957473e-12,1.2279513686191037e-12,6.278822550066178e-13
60070.081041666665,-82.68491178750992,27.56902615521103,-7.476121488855117,1.2357694361486928e-11,-4.12033576265362e-12,1.1173456241453219e-12,6.262028188028554e-13
60070.08138888889,-62.316028103232384,27.671233568961423,-6.6916206509081855,9.313504676571303e-12,-4.135632053186828e-12,1.0001028968475252e-12,6.241246749698317e-13
60070.08173611111,-41.86014803126454,27.932431081868707,-5.868206229868035,6.2563482749171486e-12,-4.17473480702386e-12,8.770523672222157e-13,6.216346787954995e-13
60070.082083333335,-20.74967010319233,28.34896455394725,-5.0117264142466915,3.1012928176681918e-12,-4.237100624841286e-12,7.490640118769872e-13,6.187220744006889e-13
60070.08243055556,-1.0819722451269629,28.88832956366241,-4.13589395524727,1.6172003074657559e-13,-4.317875589040164e-12,6.181830454705225e-13,6.153786830713428e-13
60070.08277777778,13.421121504157782,29.447161931358277,-3.2716209083795547,-2.006122377391545e-12,-4.401615057494957e-12,4.89025593919928e-13,6.115988844957648e-13
60070.083125,22.35075604915619,29.890291824626427,-2.449964537202484,-3.3410781213359048e-12,-4.468117312719498e-12,3.66230247213722e-13,6.073794580609567e-13
